variable,count,mean,std,min,25%,50%,75%,max,original
dummy1,1000.0,-4.4898372095832305e-05,0.010707229391581372,-0.0331239540180803,-0.00758907232718895,-9.483313669455119e-05,0.007253966996446825,0.0317847957616912,0.0217714638822315
dummy2,1000.0,0.00017856962533974982,0.0102425827605727,-0.0361410996536726,-0.0066649788185957,0.00026191564883280003,0.00711905376655315,0.0329801538830736,-0.0065858062981547
x1,1000.0,0.06786054731060577,3.059242154351368,-7.583551127335877,-1.9215648117899553,0.0600880949536706,1.9991758045086756,28.20192866692892,28.20192866692892
x2,1000.0,-0.029916081828630915,7.8903010977709895,-26.14305730590718,-5.131548964737967,0.03485886781657175,4.954342404094384,75.05049093986705,75.05049093986705
x3,1000.0,-0.023155013146538103,1.8830270939801639,-5.10362774013781,-1.2626080265373576,0.00099928547356225,1.1363926638857351,17.75518259087162,17.75518259087162
